log_id,agent_id,step,phase,action,target,value
LOG_000001,A001,1,open_campus,no_action,,
LOG_000002,A002,1,open_campus,visit_lab,LAB08,
LOG_000003,A002,1,open_campus,get_stamp,LAB08,1
LOG_000004,A002,1,open_campus,unlock_chat,chat,True
LOG_000005,A003,1,open_campus,visit_lab,LAB03,
LOG_000006,A003,1,open_campus,get_stamp,LAB03,1
LOG_000007,A003,1,open_campus,unlock_chat,chat,True
LOG_000008,A003,1,open_campus,post_visit_comment,LAB03,
LOG_000009,A004,1,open_campus,visit_lab,LAB02,
LOG_000010,A004,1,open_campus,get_stamp,LAB02,1
LOG_000011,A004,1,open_campus,unlock_chat,chat,True
LOG_000012,A005,1,open_campus,visit_lab,LAB06,
LOG_000013,A005,1,open_campus,get_stamp,LAB06,1
LOG_000014,A005,1,open_campus,unlock_chat,chat,True
LOG_000015,A006,1,open_campus,visit_lab,LAB07,
LOG_000016,A006,1,open_campus,get_stamp,LAB07,1
LOG_000017,A006,1,open_campus,unlock_chat,chat,True
LOG_000018,A007,1,open_campus,no_action,,
LOG_000019,A008,1,open_campus,visit_lab,LAB02,
LOG_000020,A008,1,open_campus,get_stamp,LAB02,1
LOG_000021,A008,1,open_campus,unlock_chat,chat,True
LOG_000022,A008,1,open_campus,post_visit_comment,LAB02,
LOG_000023,A009,1,open_campus,visit_lab,LAB07,
LOG_000024,A009,1,open_campus,get_stamp,LAB07,1
LOG_000025,A009,1,open_campus,unlock_chat,chat,True
LOG_000026,A010,1,open_campus,visit_lab,LAB08,
LOG_000027,A010,1,open_campus,get_stamp,LAB08,1
LOG_000028,A010,1,open_campus,unlock_chat,chat,True
LOG_000029,A010,1,open_campus,post_visit_comment,LAB08,
LOG_000030,A011,1,open_campus,visit_lab,LAB07,
LOG_000031,A011,1,open_campus,get_stamp,LAB07,1
LOG_000032,A011,1,open_campus,unlock_chat,chat,True
LOG_000033,A011,1,open_campus,post_visit_comment,LAB07,
LOG_000034,A012,1,open_campus,no_action,,
LOG_000035,A013,1,open_campus,visit_lab,LAB07,
LOG_000036,A013,1,open_campus,get_stamp,LAB07,1
LOG_000037,A013,1,open_campus,unlock_chat,chat,True
LOG_000038,A014,1,open_campus,no_action,,
LOG_000039,A015,1,open_campus,no_action,,
LOG_000040,A016,1,open_campus,visit_lab,LAB01,
LOG_000041,A016,1,open_campus,get_stamp,LAB01,1
LOG_000042,A016,1,open_campus,unlock_chat,chat,True
LOG_000043,A017,1,open_campus,visit_lab,LAB03,
LOG_000044,A017,1,open_campus,get_stamp,LAB03,1
LOG_000045,A017,1,open_campus,unlock_chat,chat,True
LOG_000046,A017,1,open_campus,post_visit_comment,LAB03,
LOG_000047,A018,1,open_campus,visit_lab,LAB04,
LOG_000048,A018,1,open_campus,get_stamp,LAB04,1
LOG_000049,A018,1,open_campus,unlock_chat,chat,True
LOG_000050,A018,1,open_campus,post_visit_comment,LAB04,
LOG_000051,A019,1,open_campus,visit_lab,LAB09,
LOG_000052,A019,1,open_campus,get_stamp,LAB09,1
LOG_000053,A019,1,open_campus,unlock_chat,chat,True
LOG_000054,A019,1,open_campus,post_visit_comment,LAB09,
LOG_000055,A020,1,open_campus,no_action,,
LOG_000056,A021,1,open_campus,no_action,,
LOG_000057,A022,1,open_campus,visit_lab,LAB06,
LOG_000058,A022,1,open_campus,get_stamp,LAB06,1
LOG_000059,A022,1,open_campus,unlock_chat,chat,True
LOG_000060,A022,1,open_campus,post_visit_comment,LAB06,
LOG_000061,A023,1,open_campus,visit_lab,LAB08,
LOG_000062,A023,1,open_campus,get_stamp,LAB08,1
LOG_000063,A023,1,open_campus,unlock_chat,chat,True
LOG_000064,A024,1,open_campus,visit_lab,LAB09,
LOG_000065,A024,1,open_campus,get_stamp,LAB09,1
LOG_000066,A024,1,open_campus,unlock_chat,chat,True
LOG_000067,A025,1,open_campus,visit_lab,LAB06,
LOG_000068,A025,1,open_campus,get_stamp,LAB06,1
LOG_000069,A025,1,open_campus,unlock_chat,chat,True
LOG_000070,A025,1,open_campus,post_visit_comment,LAB06,
LOG_000071,A026,1,open_campus,visit_lab,LAB01,
LOG_000072,A026,1,open_campus,get_stamp,LAB01,1
LOG_000073,A026,1,open_campus,unlock_chat,chat,True
LOG_000074,A027,1,open_campus,visit_lab,LAB08,
LOG_000075,A027,1,open_campus,get_stamp,LAB08,1
LOG_000076,A027,1,open_campus,unlock_chat,chat,True
LOG_000077,A027,1,open_campus,post_visit_comment,LAB08,
LOG_000078,A028,1,open_campus,visit_lab,LAB04,
LOG_000079,A028,1,open_campus,get_stamp,LAB04,1
LOG_000080,A028,1,open_campus,unlock_chat,chat,True
LOG_000081,A029,1,open_campus,visit_lab,LAB05,
LOG_000082,A029,1,open_campus,get_stamp,LAB05,1
LOG_000083,A029,1,open_campus,unlock_chat,chat,True
LOG_000084,A029,1,open_campus,post_visit_comment,LAB05,
LOG_000085,A030,1,open_campus,visit_lab,LAB04,
LOG_000086,A030,1,open_campus,get_stamp,LAB04,1
LOG_000087,A030,1,open_campus,unlock_chat,chat,True
LOG_000088,A031,1,open_campus,visit_lab,LAB06,
LOG_000089,A031,1,open_campus,get_stamp,LAB06,1
LOG_000090,A031,1,open_campus,unlock_chat,chat,True
LOG_000091,A031,1,open_campus,post_visit_comment,LAB06,
LOG_000092,A032,1,open_campus,visit_lab,LAB01,
LOG_000093,A032,1,open_campus,get_stamp,LAB01,1
LOG_000094,A032,1,open_campus,unlock_chat,chat,True
LOG_000095,A032,1,open_campus,post_visit_comment,LAB01,
LOG_000096,A033,1,open_campus,visit_lab,LAB04,
LOG_000097,A033,1,open_campus,get_stamp,LAB04,1
LOG_000098,A033,1,open_campus,unlock_chat,chat,True
LOG_000099,A034,1,open_campus,visit_lab,LAB10,
LOG_000100,A034,1,open_campus,get_stamp,LAB10,1
LOG_000101,A034,1,open_campus,unlock_chat,chat,True
LOG_000102,A035,1,open_campus,visit_lab,LAB06,
LOG_000103,A035,1,open_campus,get_stamp,LAB06,1
LOG_000104,A035,1,open_campus,unlock_chat,chat,True
LOG_000105,A035,1,open_campus,post_visit_comment,LAB06,
LOG_000106,A036,1,open_campus,visit_lab,LAB10,
LOG_000107,A036,1,open_campus,get_stamp,LAB10,1
LOG_000108,A036,1,open_campus,unlock_chat,chat,True
LOG_000109,A037,1,open_campus,visit_lab,LAB06,
LOG_000110,A037,1,open_campus,get_stamp,LAB06,1
LOG_000111,A037,1,open_campus,unlock_chat,chat,True
LOG_000112,A038,1,open_campus,visit_lab,LAB04,
LOG_000113,A038,1,open_campus,get_stamp,LAB04,1
LOG_000114,A038,1,open_campus,unlock_chat,chat,True
LOG_000115,A039,1,open_campus,no_action,,
LOG_000116,A040,1,open_campus,visit_lab,LAB09,
LOG_000117,A040,1,open_campus,get_stamp,LAB09,1
LOG_000118,A040,1,open_campus,unlock_chat,chat,True
LOG_000119,A040,1,open_campus,post_visit_comment,LAB09,
LOG_000120,A041,1,open_campus,visit_lab,LAB07,
LOG_000121,A041,1,open_campus,get_stamp,LAB07,1
LOG_000122,A041,1,open_campus,unlock_chat,chat,True
LOG_000123,A041,1,open_campus,post_visit_comment,LAB07,
LOG_000124,A042,1,open_campus,visit_lab,LAB05,
LOG_000125,A042,1,open_campus,get_stamp,LAB05,1
LOG_000126,A042,1,open_campus,unlock_chat,chat,True
LOG_000127,A043,1,open_campus,visit_lab,LAB03,
LOG_000128,A043,1,open_campus,get_stamp,LAB03,1
LOG_000129,A043,1,open_campus,unlock_chat,chat,True
LOG_000130,A044,1,open_campus,visit_lab,LAB03,
LOG_000131,A044,1,open_campus,get_stamp,LAB03,1
LOG_000132,A044,1,open_campus,unlock_chat,chat,True
LOG_000133,A044,1,open_campus,post_visit_comment,LAB03,
LOG_000134,A045,1,open_campus,visit_lab,LAB09,
LOG_000135,A045,1,open_campus,get_stamp,LAB09,1
LOG_000136,A045,1,open_campus,unlock_chat,chat,True
LOG_000137,A045,1,open_campus,post_visit_comment,LAB09,
LOG_000138,A046,1,open_campus,no_action,,
LOG_000139,A047,1,open_campus,no_action,,
LOG_000140,A048,1,open_campus,no_action,,
LOG_000141,A049,1,open_campus,visit_lab,LAB04,
LOG_000142,A049,1,open_campus,get_stamp,LAB04,1
LOG_000143,A049,1,open_campus,unlock_chat,chat,True
LOG_000144,A050,1,open_campus,visit_lab,LAB05,
LOG_000145,A050,1,open_campus,get_stamp,LAB05,1
LOG_000146,A050,1,open_campus,unlock_chat,chat,True
LOG_000147,A050,1,open_campus,post_visit_comment,LAB05,
LOG_000148,A051,1,open_campus,no_action,,
LOG_000149,A052,1,open_campus,no_action,,
LOG_000150,A053,1,open_campus,no_action,,
LOG_000151,A054,1,open_campus,visit_lab,LAB07,
LOG_000152,A054,1,open_campus,get_stamp,LAB07,1
LOG_000153,A054,1,open_campus,unlock_chat,chat,True
LOG_000154,A055,1,open_campus,visit_lab,LAB03,
LOG_000155,A055,1,open_campus,get_stamp,LAB03,1
LOG_000156,A055,1,open_campus,unlock_chat,chat,True
LOG_000157,A055,1,open_campus,post_visit_comment,LAB03,
LOG_000158,A056,1,open_campus,visit_lab,LAB08,
LOG_000159,A056,1,open_campus,get_stamp,LAB08,1
LOG_000160,A056,1,open_campus,unlock_chat,chat,True
LOG_000161,A057,1,open_campus,visit_lab,LAB03,
LOG_000162,A057,1,open_campus,get_stamp,LAB03,1
LOG_000163,A057,1,open_campus,unlock_chat,chat,True
LOG_000164,A058,1,open_campus,visit_lab,LAB09,
LOG_000165,A058,1,open_campus,get_stamp,LAB09,1
LOG_000166,A058,1,open_campus,unlock_chat,chat,True
LOG_000167,A058,1,open_campus,post_visit_comment,LAB09,
LOG_000168,A059,1,open_campus,no_action,,
LOG_000169,A060,1,open_campus,no_action,,
LOG_000170,A061,1,open_campus,visit_lab,LAB04,
LOG_000171,A061,1,open_campus,get_stamp,LAB04,1
LOG_000172,A061,1,open_campus,unlock_chat,chat,True
LOG_000173,A061,1,open_campus,post_visit_comment,LAB04,
LOG_000174,A062,1,open_campus,visit_lab,LAB10,
LOG_000175,A062,1,open_campus,get_stamp,LAB10,1
LOG_000176,A062,1,open_campus,unlock_chat,chat,True
LOG_000177,A063,1,open_campus,no_action,,
LOG_000178,A064,1,open_campus,visit_lab,LAB03,
LOG_000179,A064,1,open_campus,get_stamp,LAB03,1
LOG_000180,A064,1,open_campus,unlock_chat,chat,True
LOG_000181,A065,1,open_campus,no_action,,
LOG_000182,A066,1,open_campus,visit_lab,LAB01,
LOG_000183,A066,1,open_campus,get_stamp,LAB01,1
LOG_000184,A066,1,open_campus,unlock_chat,chat,True
LOG_000185,A067,1,open_campus,no_action,,
LOG_000186,A068,1,open_campus,visit_lab,LAB08,
LOG_000187,A068,1,open_campus,get_stamp,LAB08,1
LOG_000188,A068,1,open_campus,unlock_chat,chat,True
LOG_000189,A068,1,open_campus,post_visit_comment,LAB08,
LOG_000190,A069,1,open_campus,no_action,,
LOG_000191,A070,1,open_campus,visit_lab,LAB05,
LOG_000192,A070,1,open_campus,get_stamp,LAB05,1
LOG_000193,A070,1,open_campus,unlock_chat,chat,True
LOG_000194,A071,1,open_campus,visit_lab,LAB06,
LOG_000195,A071,1,open_campus,get_stamp,LAB06,1
LOG_000196,A071,1,open_campus,unlock_chat,chat,True
LOG_000197,A071,1,open_campus,post_visit_comment,LAB06,
LOG_000198,A072,1,open_campus,visit_lab,LAB02,
LOG_000199,A072,1,open_campus,get_stamp,LAB02,1
LOG_000200,A072,1,open_campus,unlock_chat,chat,True
LOG_000201,A072,1,open_campus,post_visit_comment,LAB02,
LOG_000202,A073,1,open_campus,visit_lab,LAB10,
LOG_000203,A073,1,open_campus,get_stamp,LAB10,1
LOG_000204,A073,1,open_campus,unlock_chat,chat,True
LOG_000205,A073,1,open_campus,post_visit_comment,LAB10,
LOG_000206,A074,1,open_campus,visit_lab,LAB09,
LOG_000207,A074,1,open_campus,get_stamp,LAB09,1
LOG_000208,A074,1,open_campus,unlock_chat,chat,True
LOG_000209,A075,1,open_campus,visit_lab,LAB09,
LOG_000210,A075,1,open_campus,get_stamp,LAB09,1
LOG_000211,A075,1,open_campus,unlock_chat,chat,True
LOG_000212,A075,1,open_campus,post_visit_comment,LAB09,
LOG_000213,A076,1,open_campus,visit_lab,LAB09,
LOG_000214,A076,1,open_campus,get_stamp,LAB09,1
LOG_000215,A076,1,open_campus,unlock_chat,chat,True
LOG_000216,A077,1,open_campus,visit_lab,LAB08,
LOG_000217,A077,1,open_campus,get_stamp,LAB08,1
LOG_000218,A077,1,open_campus,unlock_chat,chat,True
LOG_000219,A077,1,open_campus,post_visit_comment,LAB08,
LOG_000220,A078,1,open_campus,visit_lab,LAB01,
LOG_000221,A078,1,open_campus,get_stamp,LAB01,1
LOG_000222,A078,1,open_campus,unlock_chat,chat,True
LOG_000223,A078,1,open_campus,post_visit_comment,LAB01,
LOG_000224,A079,1,open_campus,no_action,,
LOG_000225,A080,1,open_campus,visit_lab,LAB08,
LOG_000226,A080,1,open_campus,get_stamp,LAB08,1
LOG_000227,A080,1,open_campus,unlock_chat,chat,True
LOG_000228,A080,1,open_campus,post_visit_comment,LAB08,
LOG_000229,A081,1,open_campus,visit_lab,LAB03,
LOG_000230,A081,1,open_campus,get_stamp,LAB03,1
LOG_000231,A081,1,open_campus,unlock_chat,chat,True
LOG_000232,A081,1,open_campus,post_visit_comment,LAB03,
LOG_000233,A082,1,open_campus,visit_lab,LAB04,
LOG_000234,A082,1,open_campus,get_stamp,LAB04,1
LOG_000235,A082,1,open_campus,unlock_chat,chat,True
LOG_000236,A083,1,open_campus,visit_lab,LAB02,
LOG_000237,A083,1,open_campus,get_stamp,LAB02,1
LOG_000238,A083,1,open_campus,unlock_chat,chat,True
LOG_000239,A084,1,open_campus,visit_lab,LAB01,
LOG_000240,A084,1,open_campus,get_stamp,LAB01,1
LOG_000241,A084,1,open_campus,unlock_chat,chat,True
LOG_000242,A084,1,open_campus,post_visit_comment,LAB01,
LOG_000243,A085,1,open_campus,visit_lab,LAB02,
LOG_000244,A085,1,open_campus,get_stamp,LAB02,1
LOG_000245,A085,1,open_campus,unlock_chat,chat,True
LOG_000246,A086,1,open_campus,visit_lab,LAB03,
LOG_000247,A086,1,open_campus,get_stamp,LAB03,1
LOG_000248,A086,1,open_campus,unlock_chat,chat,True
LOG_000249,A086,1,open_campus,post_visit_comment,LAB03,
LOG_000250,A087,1,open_campus,no_action,,
LOG_000251,A088,1,open_campus,visit_lab,LAB10,
LOG_000252,A088,1,open_campus,get_stamp,LAB10,1
LOG_000253,A088,1,open_campus,unlock_chat,chat,True
LOG_000254,A088,1,open_campus,post_visit_comment,LAB10,
LOG_000255,A089,1,open_campus,visit_lab,LAB05,
LOG_000256,A089,1,open_campus,get_stamp,LAB05,1
LOG_000257,A089,1,open_campus,unlock_chat,chat,True
LOG_000258,A090,1,open_campus,visit_lab,LAB04,
LOG_000259,A090,1,open_campus,get_stamp,LAB04,1
LOG_000260,A090,1,open_campus,unlock_chat,chat,True
LOG_000261,A090,1,open_campus,post_visit_comment,LAB04,
LOG_000262,A091,1,open_campus,visit_lab,LAB10,
LOG_000263,A091,1,open_campus,get_stamp,LAB10,1
LOG_000264,A091,1,open_campus,unlock_chat,chat,True
LOG_000265,A091,1,open_campus,post_visit_comment,LAB10,
LOG_000266,A092,1,open_campus,visit_lab,LAB09,
LOG_000267,A092,1,open_campus,get_stamp,LAB09,1
LOG_000268,A092,1,open_campus,unlock_chat,chat,True
LOG_000269,A093,1,open_campus,no_action,,
LOG_000270,A094,1,open_campus,visit_lab,LAB09,
LOG_000271,A094,1,open_campus,get_stamp,LAB09,1
LOG_000272,A094,1,open_campus,unlock_chat,chat,True
LOG_000273,A095,1,open_campus,visit_lab,LAB01,
LOG_000274,A095,1,open_campus,get_stamp,LAB01,1
LOG_000275,A095,1,open_campus,unlock_chat,chat,True
LOG_000276,A096,1,open_campus,no_action,,
LOG_000277,A097,1,open_campus,visit_lab,LAB08,
LOG_000278,A097,1,open_campus,get_stamp,LAB08,1
LOG_000279,A097,1,open_campus,unlock_chat,chat,True
LOG_000280,A098,1,open_campus,no_action,,
LOG_000281,A099,1,open_campus,visit_lab,LAB09,
LOG_000282,A099,1,open_campus,get_stamp,LAB09,1
LOG_000283,A099,1,open_campus,unlock_chat,chat,True
LOG_000284,A099,1,open_campus,post_visit_comment,LAB09,
LOG_000285,A100,1,open_campus,no_action,,
LOG_000286,A001,2,open_campus,visit_lab,LAB03,
LOG_000287,A001,2,open_campus,get_stamp,LAB03,1
LOG_000288,A001,2,open_campus,unlock_chat,chat,True
LOG_000289,A001,2,open_campus,post_visit_comment,LAB03,
LOG_000290,A002,2,open_campus,no_action,,
LOG_000291,A003,2,open_campus,visit_lab,LAB10,
LOG_000292,A003,2,open_campus,get_stamp,LAB10,2
LOG_000293,A003,2,open_campus,post_visit_comment,LAB10,
LOG_000294,A004,2,open_campus,reply,community,
LOG_000295,A005,2,open_campus,chat,community,
LOG_000296,A006,2,open_campus,visit_lab,LAB08,
LOG_000297,A006,2,open_campus,get_stamp,LAB08,2
LOG_000298,A007,2,open_campus,visit_lab,LAB08,
LOG_000299,A007,2,open_campus,get_stamp,LAB08,1
LOG_000300,A007,2,open_campus,unlock_chat,chat,True
LOG_000301,A008,2,open_campus,no_action,,
LOG_000302,A009,2,open_campus,visit_lab,LAB04,
LOG_000303,A009,2,open_campus,get_stamp,LAB04,2
LOG_000304,A010,2,open_campus,reply,community,
LOG_000305,A011,2,open_campus,reply,community,
LOG_000306,A012,2,open_campus,visit_lab,LAB10,
LOG_000307,A012,2,open_campus,get_stamp,LAB10,1
LOG_000308,A012,2,open_campus,unlock_chat,chat,True
LOG_000309,A013,2,open_campus,chat,community,
LOG_000310,A014,2,open_campus,no_action,,
LOG_000311,A015,2,open_campus,visit_lab,LAB09,
LOG_000312,A015,2,open_campus,get_stamp,LAB09,1
LOG_000313,A015,2,open_campus,unlock_chat,chat,True
LOG_000314,A016,2,open_campus,visit_lab,LAB06,
LOG_000315,A016,2,open_campus,get_stamp,LAB06,2
LOG_000316,A017,2,open_campus,chat,community,
LOG_000317,A018,2,open_campus,visit_lab,LAB01,
LOG_000318,A018,2,open_campus,get_stamp,LAB01,2
LOG_000319,A019,2,open_campus,no_action,,
LOG_000320,A020,2,open_campus,no_action,,
LOG_000321,A021,2,open_campus,visit_lab,LAB07,
LOG_000322,A021,2,open_campus,get_stamp,LAB07,1
LOG_000323,A021,2,open_campus,unlock_chat,chat,True
LOG_000324,A022,2,open_campus,visit_lab,LAB09,
LOG_000325,A022,2,open_campus,get_stamp,LAB09,2
LOG_000326,A022,2,open_campus,post_visit_comment,LAB09,
LOG_000327,A023,2,open_campus,reply,community,
LOG_000328,A024,2,open_campus,no_action,,
LOG_000329,A025,2,open_campus,reply,community,
LOG_000330,A026,2,open_campus,reply,community,
LOG_000331,A027,2,open_campus,visit_lab,LAB07,
LOG_000332,A027,2,open_campus,get_stamp,LAB07,2
LOG_000333,A027,2,open_campus,post_visit_comment,LAB07,
LOG_000334,A028,2,open_campus,chat,community,
LOG_000335,A029,2,open_campus,reply,community,
LOG_000336,A030,2,open_campus,reply,community,
LOG_000337,A031,2,open_campus,visit_lab,LAB06,
LOG_000338,A032,2,open_campus,reply,community,
LOG_000339,A033,2,open_campus,visit_lab,LAB01,
LOG_000340,A033,2,open_campus,get_stamp,LAB01,2
LOG_000341,A034,2,open_campus,visit_lab,LAB04,
LOG_000342,A034,2,open_campus,get_stamp,LAB04,2
LOG_000343,A035,2,open_campus,chat,community,
LOG_000344,A036,2,open_campus,reply,community,
LOG_000345,A037,2,open_campus,reply,community,
LOG_000346,A038,2,open_campus,no_action,,
LOG_000347,A039,2,open_campus,no_action,,
LOG_000348,A040,2,open_campus,chat,community,
LOG_000349,A041,2,open_campus,chat,community,
LOG_000350,A042,2,open_campus,visit_lab,LAB07,
LOG_000351,A042,2,open_campus,get_stamp,LAB07,2
LOG_000352,A043,2,open_campus,visit_lab,LAB08,
LOG_000353,A043,2,open_campus,get_stamp,LAB08,2
LOG_000354,A044,2,open_campus,chat,community,
LOG_000355,A045,2,open_campus,chat,community,
LOG_000356,A046,2,open_campus,visit_lab,LAB03,
LOG_000357,A046,2,open_campus,get_stamp,LAB03,1
LOG_000358,A046,2,open_campus,unlock_chat,chat,True
LOG_000359,A047,2,open_campus,no_action,,
LOG_000360,A048,2,open_campus,visit_lab,LAB10,
LOG_000361,A048,2,open_campus,get_stamp,LAB10,1
LOG_000362,A048,2,open_campus,unlock_chat,chat,True
LOG_000363,A048,2,open_campus,post_visit_comment,LAB10,
LOG_000364,A049,2,open_campus,visit_lab,LAB09,
LOG_000365,A049,2,open_campus,get_stamp,LAB09,2
LOG_000366,A050,2,open_campus,reply,community,
LOG_000367,A051,2,open_campus,visit_lab,LAB02,
LOG_000368,A051,2,open_campus,get_stamp,LAB02,1
LOG_000369,A051,2,open_campus,unlock_chat,chat,True
LOG_000370,A052,2,open_campus,no_action,,
LOG_000371,A053,2,open_campus,visit_lab,LAB04,
LOG_000372,A053,2,open_campus,get_stamp,LAB04,1
LOG_000373,A053,2,open_campus,unlock_chat,chat,True
LOG_000374,A053,2,open_campus,post_visit_comment,LAB04,
LOG_000375,A054,2,open_campus,chat,community,
LOG_000376,A055,2,open_campus,reply,community,
LOG_000377,A056,2,open_campus,reply,community,
LOG_000378,A057,2,open_campus,chat,community,
LOG_000379,A058,2,open_campus,reply,community,
LOG_000380,A059,2,open_campus,no_action,,
LOG_000381,A060,2,open_campus,no_action,,
LOG_000382,A061,2,open_campus,chat,community,
LOG_000383,A062,2,open_campus,visit_lab,LAB02,
LOG_000384,A062,2,open_campus,get_stamp,LAB02,2
LOG_000385,A062,2,open_campus,post_visit_comment,LAB02,
LOG_000386,A063,2,open_campus,visit_lab,LAB01,
LOG_000387,A063,2,open_campus,get_stamp,LAB01,1
LOG_000388,A063,2,open_campus,unlock_chat,chat,True
LOG_000389,A063,2,open_campus,post_visit_comment,LAB01,
LOG_000390,A064,2,open_campus,chat,community,
LOG_000391,A065,2,open_campus,no_action,,
LOG_000392,A066,2,open_campus,chat,community,
LOG_000393,A067,2,open_campus,visit_lab,LAB01,
LOG_000394,A067,2,open_campus,get_stamp,LAB01,1
LOG_000395,A067,2,open_campus,unlock_chat,chat,True
LOG_000396,A067,2,open_campus,post_visit_comment,LAB01,
LOG_000397,A068,2,open_campus,reply,community,
LOG_000398,A069,2,open_campus,visit_lab,LAB06,
LOG_000399,A069,2,open_campus,get_stamp,LAB06,1
LOG_000400,A069,2,open_campus,unlock_chat,chat,True
LOG_000401,A070,2,open_campus,reply,community,
LOG_000402,A071,2,open_campus,visit_lab,LAB10,
LOG_000403,A071,2,open_campus,get_stamp,LAB10,2
LOG_000404,A072,2,open_campus,chat,community,
LOG_000405,A073,2,open_campus,chat,community,
LOG_000406,A074,2,open_campus,no_action,,
LOG_000407,A075,2,open_campus,reply,community,
LOG_000408,A076,2,open_campus,reply,community,
LOG_000409,A077,2,open_campus,chat,community,
LOG_000410,A078,2,open_campus,visit_lab,LAB10,
LOG_000411,A078,2,open_campus,get_stamp,LAB10,2
LOG_000412,A078,2,open_campus,post_visit_comment,LAB10,
LOG_000413,A079,2,open_campus,no_action,,
LOG_000414,A080,2,open_campus,visit_lab,LAB02,
LOG_000415,A080,2,open_campus,get_stamp,LAB02,2
LOG_000416,A080,2,open_campus,post_visit_comment,LAB02,
LOG_000417,A081,2,open_campus,visit_lab,LAB03,
LOG_000418,A082,2,open_campus,reply,community,
LOG_000419,A083,2,open_campus,no_action,,
LOG_000420,A084,2,open_campus,reply,community,
LOG_000421,A085,2,open_campus,reply,community,
LOG_000422,A086,2,open_campus,reply,community,
LOG_000423,A087,2,open_campus,visit_lab,LAB07,
LOG_000424,A087,2,open_campus,get_stamp,LAB07,1
LOG_000425,A087,2,open_campus,unlock_chat,chat,True
LOG_000426,A088,2,open_campus,visit_lab,LAB03,
LOG_000427,A088,2,open_campus,get_stamp,LAB03,2
LOG_000428,A088,2,open_campus,post_visit_comment,LAB03,
LOG_000429,A089,2,open_campus,chat,community,
LOG_000430,A090,2,open_campus,visit_lab,LAB10,
LOG_000431,A090,2,open_campus,get_stamp,LAB10,2
LOG_000432,A090,2,open_campus,post_visit_comment,LAB10,
LOG_000433,A091,2,open_campus,chat,community,
LOG_000434,A092,2,open_campus,chat,community,
LOG_000435,A093,2,open_campus,visit_lab,LAB08,
LOG_000436,A093,2,open_campus,get_stamp,LAB08,1
LOG_000437,A093,2,open_campus,unlock_chat,chat,True
LOG_000438,A094,2,open_campus,chat,community,
LOG_000439,A095,2,open_campus,visit_lab,LAB01,
LOG_000440,A096,2,open_campus,visit_lab,LAB07,
LOG_000441,A096,2,open_campus,get_stamp,LAB07,1
LOG_000442,A096,2,open_campus,unlock_chat,chat,True
LOG_000443,A097,2,open_campus,reply,community,
LOG_000444,A098,2,open_campus,visit_lab,LAB06,
LOG_000445,A098,2,open_campus,get_stamp,LAB06,1
LOG_000446,A098,2,open_campus,unlock_chat,chat,True
LOG_000447,A099,2,open_campus,chat,community,
LOG_000448,A100,2,open_campus,visit_lab,LAB10,
LOG_000449,A100,2,open_campus,get_stamp,LAB10,1
LOG_000450,A100,2,open_campus,unlock_chat,chat,True
LOG_000451,A100,2,open_campus,post_visit_comment,LAB10,
LOG_000452,A001,3,open_campus,no_action,,
LOG_000453,A002,3,open_campus,reply,community,
LOG_000454,A003,3,open_campus,no_action,,
LOG_000455,A004,3,open_campus,visit_lab,LAB01,
LOG_000456,A004,3,open_campus,get_stamp,LAB01,2
LOG_000457,A005,3,open_campus,chat,community,
LOG_000458,A006,3,open_campus,visit_lab,LAB06,
LOG_000459,A006,3,open_campus,get_stamp,LAB06,3
LOG_000460,A007,3,open_campus,chat,community,
LOG_000461,A008,3,open_campus,reply,community,
LOG_000462,A009,3,open_campus,reply,community,
LOG_000463,A010,3,open_campus,reply,community,
LOG_000464,A011,3,open_campus,visit_lab,LAB04,
LOG_000465,A011,3,open_campus,get_stamp,LAB04,2
LOG_000466,A011,3,open_campus,post_visit_comment,LAB04,
LOG_000467,A012,3,open_campus,no_action,,
LOG_000468,A013,3,open_campus,chat,community,
LOG_000469,A014,3,open_campus,visit_lab,LAB03,
LOG_000470,A014,3,open_campus,get_stamp,LAB03,1
LOG_000471,A014,3,open_campus,unlock_chat,chat,True
LOG_000472,A014,3,open_campus,post_visit_comment,LAB03,
LOG_000473,A015,3,open_campus,no_action,,
LOG_000474,A016,3,open_campus,no_action,,
LOG_000475,A017,3,open_campus,chat,community,
LOG_000476,A018,3,open_campus,visit_lab,LAB09,
LOG_000477,A018,3,open_campus,get_stamp,LAB09,3
LOG_000478,A018,3,open_campus,post_visit_comment,LAB09,
LOG_000479,A019,3,open_campus,no_action,,
LOG_000480,A020,3,open_campus,no_action,,
LOG_000481,A021,3,open_campus,visit_lab,LAB08,
LOG_000482,A021,3,open_campus,get_stamp,LAB08,2
LOG_000483,A022,3,open_campus,chat,community,
LOG_000484,A023,3,open_campus,chat,community,
LOG_000485,A024,3,open_campus,chat,community,
LOG_000486,A025,3,open_campus,visit_lab,LAB10,
LOG_000487,A025,3,open_campus,get_stamp,LAB10,2
LOG_000488,A026,3,open_campus,reply,community,
LOG_000489,A027,3,open_campus,visit_lab,LAB05,
LOG_000490,A027,3,open_campus,get_stamp,LAB05,3
LOG_000491,A027,3,open_campus,post_visit_comment,LAB05,
LOG_000492,A028,3,open_campus,no_action,,
LOG_000493,A029,3,open_campus,reply,community,
LOG_000494,A030,3,open_campus,chat,community,
LOG_000495,A031,3,open_campus,chat,community,
LOG_000496,A032,3,open_campus,chat,community,
LOG_000497,A033,3,open_campus,reply,community,
LOG_000498,A034,3,open_campus,no_action,,
LOG_000499,A035,3,open_campus,reply,community,
LOG_000500,A036,3,open_campus,reply,community,
LOG_000501,A037,3,open_campus,reply,community,
LOG_000502,A038,3,open_campus,visit_lab,LAB04,
LOG_000503,A039,3,open_campus,visit_lab,LAB02,
LOG_000504,A039,3,open_campus,get_stamp,LAB02,1
LOG_000505,A039,3,open_campus,unlock_chat,chat,True
LOG_000506,A040,3,open_campus,visit_lab,LAB06,
LOG_000507,A040,3,open_campus,get_stamp,LAB06,2
LOG_000508,A040,3,open_campus,post_visit_comment,LAB06,
LOG_000509,A041,3,open_campus,visit_lab,LAB10,
LOG_000510,A041,3,open_campus,get_stamp,LAB10,2
LOG_000511,A042,3,open_campus,visit_lab,LAB10,
LOG_000512,A042,3,open_campus,get_stamp,LAB10,3
LOG_000513,A043,3,open_campus,reply,community,
LOG_000514,A044,3,open_campus,no_action,,
LOG_000515,A045,3,open_campus,reply,community,
LOG_000516,A046,3,open_campus,chat,community,
LOG_000517,A047,3,open_campus,visit_lab,LAB06,
LOG_000518,A047,3,open_campus,get_stamp,LAB06,1
LOG_000519,A047,3,open_campus,unlock_chat,chat,True
LOG_000520,A048,3,open_campus,visit_lab,LAB02,
LOG_000521,A048,3,open_campus,get_stamp,LAB02,2
LOG_000522,A048,3,open_campus,post_visit_comment,LAB02,
LOG_000523,A049,3,open_campus,no_action,,
LOG_000524,A050,3,open_campus,no_action,,
LOG_000525,A051,3,open_campus,chat,community,
LOG_000526,A052,3,open_campus,visit_lab,LAB04,
LOG_000527,A052,3,open_campus,get_stamp,LAB04,1
LOG_000528,A052,3,open_campus,unlock_chat,chat,True
LOG_000529,A053,3,open_campus,visit_lab,LAB10,
LOG_000530,A053,3,open_campus,get_stamp,LAB10,2
LOG_000531,A054,3,open_campus,no_action,,
LOG_000532,A055,3,open_campus,no_action,,
LOG_000533,A056,3,open_campus,reply,community,
LOG_000534,A057,3,open_campus,no_action,,
LOG_000535,A058,3,open_campus,reply,community,
LOG_000536,A059,3,open_campus,visit_lab,LAB09,
LOG_000537,A059,3,open_campus,get_stamp,LAB09,1
LOG_000538,A059,3,open_campus,unlock_chat,chat,True
LOG_000539,A060,3,open_campus,no_action,,
LOG_000540,A061,3,open_campus,reply,community,
LOG_000541,A062,3,open_campus,chat,community,
LOG_000542,A063,3,open_campus,reply,community,
LOG_000543,A064,3,open_campus,reply,community,
LOG_000544,A065,3,open_campus,no_action,,
LOG_000545,A066,3,open_campus,visit_lab,LAB05,
LOG_000546,A066,3,open_campus,get_stamp,LAB05,2
LOG_000547,A067,3,open_campus,reply,community,
LOG_000548,A068,3,open_campus,reply,community,
LOG_000549,A069,3,open_campus,chat,community,
LOG_000550,A070,3,open_campus,chat,community,
LOG_000551,A071,3,open_campus,chat,community,
LOG_000552,A072,3,open_campus,visit_lab,LAB07,
LOG_000553,A072,3,open_campus,get_stamp,LAB07,2
LOG_000554,A073,3,open_campus,reply,community,
LOG_000555,A074,3,open_campus,visit_lab,LAB07,
LOG_000556,A074,3,open_campus,get_stamp,LAB07,2
LOG_000557,A074,3,open_campus,post_visit_comment,LAB07,
LOG_000558,A075,3,open_campus,reply,community,
LOG_000559,A076,3,open_campus,visit_lab,LAB01,
LOG_000560,A076,3,open_campus,get_stamp,LAB01,2
LOG_000561,A076,3,open_campus,post_visit_comment,LAB01,
LOG_000562,A077,3,open_campus,visit_lab,LAB08,
LOG_000563,A078,3,open_campus,no_action,,
LOG_000564,A079,3,open_campus,no_action,,
LOG_000565,A080,3,open_campus,reply,community,
LOG_000566,A081,3,open_campus,reply,community,
LOG_000567,A082,3,open_campus,reply,community,
LOG_000568,A083,3,open_campus,visit_lab,LAB02,
LOG_000569,A084,3,open_campus,visit_lab,LAB04,
LOG_000570,A084,3,open_campus,get_stamp,LAB04,2
LOG_000571,A084,3,open_campus,post_visit_comment,LAB04,
LOG_000572,A085,3,open_campus,chat,community,
LOG_000573,A086,3,open_campus,visit_lab,LAB03,
LOG_000574,A087,3,open_campus,reply,community,
LOG_000575,A088,3,open_campus,no_action,,
LOG_000576,A089,3,open_campus,visit_lab,LAB08,
LOG_000577,A089,3,open_campus,get_stamp,LAB08,2
LOG_000578,A090,3,open_campus,chat,community,
LOG_000579,A091,3,open_campus,chat,community,
LOG_000580,A092,3,open_campus,chat,community,
LOG_000581,A093,3,open_campus,visit_lab,LAB03,
LOG_000582,A093,3,open_campus,get_stamp,LAB03,2
LOG_000583,A094,3,open_campus,visit_lab,LAB10,
LOG_000584,A094,3,open_campus,get_stamp,LAB10,2
LOG_000585,A094,3,open_campus,post_visit_comment,LAB10,
LOG_000586,A095,3,open_campus,visit_lab,LAB03,
LOG_000587,A095,3,open_campus,get_stamp,LAB03,2
LOG_000588,A096,3,open_campus,visit_lab,LAB04,
LOG_000589,A096,3,open_campus,get_stamp,LAB04,2
LOG_000590,A097,3,open_campus,reply,community,
LOG_000591,A098,3,open_campus,visit_lab,LAB01,
LOG_000592,A098,3,open_campus,get_stamp,LAB01,2
LOG_000593,A099,3,open_campus,visit_lab,LAB10,
LOG_000594,A099,3,open_campus,get_stamp,LAB10,2
LOG_000595,A100,3,open_campus,reply,community,
LOG_000596,A001,4,open_campus,no_action,,
LOG_000597,A002,4,open_campus,no_action,,
LOG_000598,A003,4,open_campus,no_action,,
LOG_000599,A004,4,open_campus,chat,community,
LOG_000600,A005,4,open_campus,no_action,,
LOG_000601,A006,4,open_campus,no_action,,
LOG_000602,A007,4,open_campus,visit_lab,LAB05,
LOG_000603,A007,4,open_campus,get_stamp,LAB05,2
LOG_000604,A007,4,open_campus,post_visit_comment,LAB05,
LOG_000605,A008,4,open_campus,chat,community,
LOG_000606,A009,4,open_campus,reply,community,
LOG_000607,A010,4,open_campus,chat,community,
LOG_000608,A011,4,open_campus,visit_lab,LAB06,
LOG_000609,A011,4,open_campus,get_stamp,LAB06,3
LOG_000610,A011,4,open_campus,post_visit_comment,LAB06,
LOG_000611,A012,4,open_campus,no_action,,
LOG_000612,A013,4,open_campus,chat,community,
LOG_000613,A014,4,open_campus,no_action,,
LOG_000614,A015,4,open_campus,chat,community,
LOG_000615,A016,4,open_campus,visit_lab,LAB04,
LOG_000616,A016,4,open_campus,get_stamp,LAB04,3
LOG_000617,A017,4,open_campus,visit_lab,LAB08,
LOG_000618,A017,4,open_campus,get_stamp,LAB08,2
LOG_000619,A017,4,open_campus,post_visit_comment,LAB08,
LOG_000620,A018,4,open_campus,chat,community,
LOG_000621,A019,4,open_campus,reply,community,
LOG_000622,A020,4,open_campus,visit_lab,LAB09,
LOG_000623,A020,4,open_campus,get_stamp,LAB09,1
LOG_000624,A020,4,open_campus,unlock_chat,chat,True
LOG_000625,A021,4,open_campus,no_action,,
LOG_000626,A022,4,open_campus,visit_lab,LAB10,
LOG_000627,A022,4,open_campus,get_stamp,LAB10,3
LOG_000628,A022,4,open_campus,post_visit_comment,LAB10,
LOG_000629,A023,4,open_campus,reply,community,
LOG_000630,A024,4,open_campus,reply,community,
LOG_000631,A025,4,open_campus,visit_lab,LAB07,
LOG_000632,A025,4,open_campus,get_stamp,LAB07,3
LOG_000633,A026,4,open_campus,reply,community,
LOG_000634,A027,4,open_campus,reply,community,
LOG_000635,A028,4,open_campus,reply,community,
LOG_000636,A029,4,open_campus,visit_lab,LAB08,
LOG_000637,A029,4,open_campus,get_stamp,LAB08,2
LOG_000638,A029,4,open_campus,post_visit_comment,LAB08,
LOG_000639,A030,4,open_campus,reply,community,
LOG_000640,A031,4,open_campus,reply,community,
LOG_000641,A032,4,open_campus,no_action,,
LOG_000642,A033,4,open_campus,chat,community,
LOG_000643,A034,4,open_campus,reply,community,
LOG_000644,A035,4,open_campus,reply,community,
LOG_000645,A036,4,open_campus,reply,community,
LOG_000646,A037,4,open_campus,reply,community,
LOG_000647,A038,4,open_campus,visit_lab,LAB06,
LOG_000648,A038,4,open_campus,get_stamp,LAB06,2
LOG_000649,A038,4,open_campus,post_visit_comment,LAB06,
LOG_000650,A039,4,open_campus,reply,community,
LOG_000651,A040,4,open_campus,visit_lab,LAB10,
LOG_000652,A040,4,open_campus,get_stamp,LAB10,3
LOG_000653,A040,4,open_campus,post_visit_comment,LAB10,
LOG_000654,A041,4,open_campus,chat,community,
LOG_000655,A042,4,open_campus,reply,community,
LOG_000656,A043,4,open_campus,reply,community,
LOG_000657,A044,4,open_campus,chat,community,
LOG_000658,A045,4,open_campus,visit_lab,LAB02,
LOG_000659,A045,4,open_campus,get_stamp,LAB02,2
LOG_000660,A045,4,open_campus,post_visit_comment,LAB02,
LOG_000661,A046,4,open_campus,no_action,,
LOG_000662,A047,4,open_campus,visit_lab,LAB03,
LOG_000663,A047,4,open_campus,get_stamp,LAB03,2
LOG_000664,A048,4,open_campus,reply,community,
LOG_000665,A049,4,open_campus,chat,community,
LOG_000666,A050,4,open_campus,chat,community,
LOG_000667,A051,4,open_campus,visit_lab,LAB09,
LOG_000668,A051,4,open_campus,get_stamp,LAB09,2
LOG_000669,A052,4,open_campus,reply,community,
LOG_000670,A053,4,open_campus,no_action,,
LOG_000671,A054,4,open_campus,visit_lab,LAB08,
LOG_000672,A054,4,open_campus,get_stamp,LAB08,2
LOG_000673,A054,4,open_campus,post_visit_comment,LAB08,
LOG_000674,A055,4,open_campus,visit_lab,LAB04,
LOG_000675,A055,4,open_campus,get_stamp,LAB04,2
LOG_000676,A055,4,open_campus,post_visit_comment,LAB04,
LOG_000677,A056,4,open_campus,visit_lab,LAB03,
LOG_000678,A056,4,open_campus,get_stamp,LAB03,2
LOG_000679,A057,4,open_campus,reply,community,
LOG_000680,A058,4,open_campus,no_action,,
LOG_000681,A059,4,open_campus,chat,community,
LOG_000682,A060,4,open_campus,visit_lab,LAB08,
LOG_000683,A060,4,open_campus,get_stamp,LAB08,1
LOG_000684,A060,4,open_campus,unlock_chat,chat,True
LOG_000685,A061,4,open_campus,visit_lab,LAB03,
LOG_000686,A061,4,open_campus,get_stamp,LAB03,2
LOG_000687,A061,4,open_campus,post_visit_comment,LAB03,
LOG_000688,A062,4,open_campus,chat,community,
LOG_000689,A063,4,open_campus,chat,community,
LOG_000690,A064,4,open_campus,reply,community,
LOG_000691,A065,4,open_campus,no_action,,
LOG_000692,A066,4,open_campus,no_action,,
LOG_000693,A067,4,open_campus,visit_lab,LAB10,
LOG_000694,A067,4,open_campus,get_stamp,LAB10,2
LOG_000695,A067,4,open_campus,post_visit_comment,LAB10,
LOG_000696,A068,4,open_campus,chat,community,
LOG_000697,A069,4,open_campus,visit_lab,LAB02,
LOG_000698,A069,4,open_campus,get_stamp,LAB02,2
LOG_000699,A069,4,open_campus,post_visit_comment,LAB02,
LOG_000700,A070,4,open_campus,chat,community,
LOG_000701,A071,4,open_campus,chat,community,
LOG_000702,A072,4,open_campus,no_action,,
LOG_000703,A073,4,open_campus,chat,community,
LOG_000704,A074,4,open_campus,chat,community,
LOG_000705,A075,4,open_campus,chat,community,
LOG_000706,A076,4,open_campus,chat,community,
LOG_000707,A077,4,open_campus,visit_lab,LAB03,
LOG_000708,A077,4,open_campus,get_stamp,LAB03,2
LOG_000709,A077,4,open_campus,post_visit_comment,LAB03,
LOG_000710,A078,4,open_campus,reply,community,
LOG_000711,A079,4,open_campus,visit_lab,LAB05,
LOG_000712,A079,4,open_campus,get_stamp,LAB05,1
LOG_000713,A079,4,open_campus,unlock_chat,chat,True
LOG_000714,A080,4,open_campus,visit_lab,LAB06,
LOG_000715,A080,4,open_campus,get_stamp,LAB06,3
LOG_000716,A080,4,open_campus,post_visit_comment,LAB06,
LOG_000717,A081,4,open_campus,chat,community,
LOG_000718,A082,4,open_campus,chat,community,
LOG_000719,A083,4,open_campus,chat,community,
LOG_000720,A084,4,open_campus,visit_lab,LAB04,
LOG_000721,A085,4,open_campus,chat,community,
LOG_000722,A086,4,open_campus,visit_lab,LAB03,
LOG_000723,A087,4,open_campus,chat,community,
LOG_000724,A088,4,open_campus,visit_lab,LAB05,
LOG_000725,A088,4,open_campus,get_stamp,LAB05,3
LOG_000726,A089,4,open_campus,no_action,,
LOG_000727,A090,4,open_campus,chat,community,
LOG_000728,A091,4,open_campus,no_action,,
LOG_000729,A092,4,open_campus,visit_lab,LAB06,
LOG_000730,A092,4,open_campus,get_stamp,LAB06,2
LOG_000731,A093,4,open_campus,chat,community,
LOG_000732,A094,4,open_campus,visit_lab,LAB09,
LOG_000733,A095,4,open_campus,chat,community,
LOG_000734,A096,4,open_campus,no_action,,
LOG_000735,A097,4,open_campus,visit_lab,LAB04,
LOG_000736,A097,4,open_campus,get_stamp,LAB04,2
LOG_000737,A097,4,open_campus,post_visit_comment,LAB04,
LOG_000738,A098,4,open_campus,reply,community,
LOG_000739,A099,4,open_campus,reply,community,
LOG_000740,A100,4,open_campus,visit_lab,LAB10,
LOG_000741,A001,5,open_campus,visit_lab,LAB06,
LOG_000742,A001,5,open_campus,get_stamp,LAB06,2
LOG_000743,A002,5,open_campus,reply,community,
LOG_000744,A003,5,open_campus,reply,community,
LOG_000745,A004,5,open_campus,chat,community,
LOG_000746,A005,5,open_campus,chat,community,
LOG_000747,A006,5,open_campus,reply,community,
LOG_000748,A007,5,open_campus,no_action,,
LOG_000749,A008,5,open_campus,reply,community,
LOG_000750,A009,5,open_campus,reply,community,
LOG_000751,A010,5,open_campus,no_action,,
LOG_000752,A011,5,open_campus,reply,community,
LOG_000753,A012,5,open_campus,reply,community,
LOG_000754,A013,5,open_campus,chat,community,
LOG_000755,A014,5,open_campus,chat,community,
LOG_000756,A015,5,open_campus,no_action,,
LOG_000757,A016,5,open_campus,visit_lab,LAB05,
LOG_000758,A016,5,open_campus,get_stamp,LAB05,4
LOG_000759,A017,5,open_campus,reply,community,
LOG_000760,A018,5,open_campus,visit_lab,LAB01,
LOG_000761,A019,5,open_campus,visit_lab,LAB03,
LOG_000762,A019,5,open_campus,get_stamp,LAB03,2
LOG_000763,A020,5,open_campus,no_action,,
LOG_000764,A021,5,open_campus,chat,community,
LOG_000765,A022,5,open_campus,reply,community,
LOG_000766,A023,5,open_campus,no_action,,
LOG_000767,A024,5,open_campus,chat,community,
LOG_000768,A025,5,open_campus,visit_lab,LAB10,
LOG_000769,A026,5,open_campus,reply,community,
LOG_000770,A027,5,open_campus,visit_lab,LAB09,
LOG_000771,A027,5,open_campus,get_stamp,LAB09,4
LOG_000772,A027,5,open_campus,post_visit_comment,LAB09,
LOG_000773,A028,5,open_campus,chat,community,
LOG_000774,A029,5,open_campus,reply,community,
LOG_000775,A030,5,open_campus,visit_lab,LAB03,
LOG_000776,A030,5,open_campus,get_stamp,LAB03,2
LOG_000777,A030,5,open_campus,post_visit_comment,LAB03,
LOG_000778,A031,5,open_campus,visit_lab,LAB06,
LOG_000779,A032,5,open_campus,chat,community,
LOG_000780,A033,5,open_campus,visit_lab,LAB09,
LOG_000781,A033,5,open_campus,get_stamp,LAB09,3
LOG_000782,A033,5,open_campus,post_visit_comment,LAB09,
LOG_000783,A034,5,open_campus,visit_lab,LAB03,
LOG_000784,A034,5,open_campus,get_stamp,LAB03,3
LOG_000785,A035,5,open_campus,visit_lab,LAB05,
LOG_000786,A035,5,open_campus,get_stamp,LAB05,2
LOG_000787,A036,5,open_campus,reply,community,
LOG_000788,A037,5,open_campus,reply,community,
LOG_000789,A038,5,open_campus,visit_lab,LAB06,
LOG_000790,A039,5,open_campus,chat,community,
LOG_000791,A040,5,open_campus,no_action,,
LOG_000792,A041,5,open_campus,no_action,,
LOG_000793,A042,5,open_campus,visit_lab,LAB07,
LOG_000794,A043,5,open_campus,visit_lab,LAB04,
LOG_000795,A043,5,open_campus,get_stamp,LAB04,3
LOG_000796,A043,5,open_campus,post_visit_comment,LAB04,
LOG_000797,A044,5,open_campus,reply,community,
LOG_000798,A045,5,open_campus,reply,community,
LOG_000799,A046,5,open_campus,reply,community,
LOG_000800,A047,5,open_campus,chat,community,
LOG_000801,A048,5,open_campus,chat,community,
LOG_000802,A049,5,open_campus,no_action,,
LOG_000803,A050,5,open_campus,reply,community,
LOG_000804,A051,5,open_campus,reply,community,
LOG_000805,A052,5,open_campus,chat,community,
LOG_000806,A053,5,open_campus,chat,community,
LOG_000807,A054,5,open_campus,no_action,,
LOG_000808,A055,5,open_campus,chat,community,
LOG_000809,A056,5,open_campus,visit_lab,LAB05,
LOG_000810,A056,5,open_campus,get_stamp,LAB05,3
LOG_000811,A057,5,open_campus,no_action,,
LOG_000812,A058,5,open_campus,reply,community,
LOG_000813,A059,5,open_campus,no_action,,
LOG_000814,A060,5,open_campus,reply,community,
LOG_000815,A061,5,open_campus,reply,community,
LOG_000816,A062,5,open_campus,reply,community,
LOG_000817,A063,5,open_campus,chat,community,
LOG_000818,A064,5,open_campus,reply,community,
LOG_000819,A065,5,open_campus,visit_lab,LAB03,
LOG_000820,A065,5,open_campus,get_stamp,LAB03,1
LOG_000821,A065,5,open_campus,unlock_chat,chat,True
LOG_000822,A065,5,open_campus,post_visit_comment,LAB03,
LOG_000823,A066,5,open_campus,visit_lab,LAB07,
LOG_000824,A066,5,open_campus,get_stamp,LAB07,3
LOG_000825,A067,5,open_campus,reply,community,
LOG_000826,A068,5,open_campus,visit_lab,LAB08,
LOG_000827,A069,5,open_campus,visit_lab,LAB03,
LOG_000828,A069,5,open_campus,get_stamp,LAB03,3
LOG_000829,A070,5,open_campus,chat,community,
LOG_000830,A071,5,open_campus,reply,community,
LOG_000831,A072,5,open_campus,visit_lab,LAB08,
LOG_000832,A072,5,open_campus,get_stamp,LAB08,3
LOG_000833,A073,5,open_campus,chat,community,
LOG_000834,A074,5,open_campus,chat,community,
LOG_000835,A075,5,open_campus,reply,community,
LOG_000836,A076,5,open_campus,no_action,,
LOG_000837,A077,5,open_campus,reply,community,
LOG_000838,A078,5,open_campus,visit_lab,LAB10,
LOG_000839,A079,5,open_campus,reply,community,
LOG_000840,A080,5,open_campus,visit_lab,LAB10,
LOG_000841,A080,5,open_campus,get_stamp,LAB10,4
LOG_000842,A080,5,open_campus,post_visit_comment,LAB10,
LOG_000843,A081,5,open_campus,visit_lab,LAB06,
LOG_000844,A081,5,open_campus,get_stamp,LAB06,2
LOG_000845,A081,5,open_campus,post_visit_comment,LAB06,
LOG_000846,A082,5,open_campus,reply,community,
LOG_000847,A083,5,open_campus,chat,community,
LOG_000848,A084,5,open_campus,reply,community,
LOG_000849,A085,5,open_campus,no_action,,
LOG_000850,A086,5,open_campus,chat,community,
LOG_000851,A087,5,open_campus,no_action,,
LOG_000852,A088,5,open_campus,visit_lab,LAB05,
LOG_000853,A089,5,open_campus,chat,community,
LOG_000854,A090,5,open_campus,visit_lab,LAB10,
LOG_000855,A091,5,open_campus,no_action,,
LOG_000856,A092,5,open_campus,reply,community,
LOG_000857,A093,5,open_campus,reply,community,
LOG_000858,A094,5,open_campus,visit_lab,LAB05,
LOG_000859,A094,5,open_campus,get_stamp,LAB05,3
LOG_000860,A095,5,open_campus,visit_lab,LAB02,
LOG_000861,A095,5,open_campus,get_stamp,LAB02,3
LOG_000862,A095,5,open_campus,post_visit_comment,LAB02,
LOG_000863,A096,5,open_campus,reply,community,
LOG_000864,A097,5,open_campus,chat,community,
LOG_000865,A098,5,open_campus,no_action,,
LOG_000866,A099,5,open_campus,visit_lab,LAB05,
LOG_000867,A099,5,open_campus,get_stamp,LAB05,3
LOG_000868,A099,5,open_campus,post_visit_comment,LAB05,
LOG_000869,A100,5,open_campus,reply,community,
LOG_000870,A001,6,open_campus,no_action,,
LOG_000871,A002,6,open_campus,reply,community,
LOG_000872,A003,6,open_campus,reply,community,
LOG_000873,A004,6,open_campus,visit_lab,LAB08,
LOG_000874,A004,6,open_campus,get_stamp,LAB08,3
LOG_000875,A005,6,open_campus,chat,community,
LOG_000876,A006,6,open_campus,no_action,,
LOG_000877,A007,6,open_campus,visit_lab,LAB08,
LOG_000878,A008,6,open_campus,visit_lab,LAB07,
LOG_000879,A008,6,open_campus,get_stamp,LAB07,2
LOG_000880,A008,6,open_campus,post_visit_comment,LAB07,
LOG_000881,A009,6,open_campus,reply,community,
LOG_000882,A010,6,open_campus,chat,community,
LOG_000883,A011,6,open_campus,chat,community,
LOG_000884,A012,6,open_campus,visit_lab,LAB01,
LOG_000885,A012,6,open_campus,get_stamp,LAB01,2
LOG_000886,A013,6,open_campus,reply,community,
LOG_000887,A014,6,open_campus,chat,community,
LOG_000888,A015,6,open_campus,reply,community,
LOG_000889,A016,6,open_campus,no_action,,
LOG_000890,A017,6,open_campus,reply,community,
LOG_000891,A018,6,open_campus,visit_lab,LAB08,
LOG_000892,A018,6,open_campus,get_stamp,LAB08,4
LOG_000893,A018,6,open_campus,post_visit_comment,LAB08,
LOG_000894,A019,6,open_campus,chat,community,
LOG_000895,A020,6,open_campus,no_action,,
LOG_000896,A021,6,open_campus,chat,community,
LOG_000897,A022,6,open_campus,chat,community,
LOG_000898,A023,6,open_campus,reply,community,
LOG_000899,A024,6,open_campus,chat,community,
LOG_000900,A025,6,open_campus,no_action,,
LOG_000901,A026,6,open_campus,visit_lab,LAB05,
LOG_000902,A026,6,open_campus,get_stamp,LAB05,2
LOG_000903,A026,6,open_campus,post_visit_comment,LAB05,
LOG_000904,A027,6,open_campus,chat,community,
LOG_000905,A028,6,open_campus,visit_lab,LAB10,
LOG_000906,A028,6,open_campus,get_stamp,LAB10,2
LOG_000907,A028,6,open_campus,post_visit_comment,LAB10,
LOG_000908,A029,6,open_campus,reply,community,
LOG_000909,A030,6,open_campus,chat,community,
LOG_000910,A031,6,open_campus,reply,community,
LOG_000911,A032,6,open_campus,reply,community,
LOG_000912,A033,6,open_campus,visit_lab,LAB02,
LOG_000913,A033,6,open_campus,get_stamp,LAB02,4
LOG_000914,A033,6,open_campus,post_visit_comment,LAB02,
LOG_000915,A034,6,open_campus,visit_lab,LAB06,
LOG_000916,A034,6,open_campus,get_stamp,LAB06,4
LOG_000917,A035,6,open_campus,no_action,,
LOG_000918,A036,6,open_campus,chat,community,
LOG_000919,A037,6,open_campus,chat,community,
LOG_000920,A038,6,open_campus,no_action,,
LOG_000921,A039,6,open_campus,no_action,,
LOG_000922,A040,6,open_campus,reply,community,
LOG_000923,A041,6,open_campus,visit_lab,LAB08,
LOG_000924,A041,6,open_campus,get_stamp,LAB08,3
LOG_000925,A042,6,open_campus,no_action,,
LOG_000926,A043,6,open_campus,reply,community,
LOG_000927,A044,6,open_campus,reply,community,
LOG_000928,A045,6,open_campus,visit_lab,LAB05,
LOG_000929,A045,6,open_campus,get_stamp,LAB05,3
LOG_000930,A045,6,open_campus,post_visit_comment,LAB05,
LOG_000931,A046,6,open_campus,visit_lab,LAB01,
LOG_000932,A046,6,open_campus,get_stamp,LAB01,2
LOG_000933,A046,6,open_campus,post_visit_comment,LAB01,
LOG_000934,A047,6,open_campus,chat,community,
LOG_000935,A048,6,open_campus,chat,community,
LOG_000936,A049,6,open_campus,reply,community,
LOG_000937,A050,6,open_campus,chat,community,
LOG_000938,A051,6,open_campus,reply,community,
LOG_000939,A052,6,open_campus,visit_lab,LAB06,
LOG_000940,A052,6,open_campus,get_stamp,LAB06,2
LOG_000941,A052,6,open_campus,post_visit_comment,LAB06,
LOG_000942,A053,6,open_campus,visit_lab,LAB10,
LOG_000943,A054,6,open_campus,reply,community,
LOG_000944,A055,6,open_campus,chat,community,
LOG_000945,A056,6,open_campus,visit_lab,LAB01,
LOG_000946,A056,6,open_campus,get_stamp,LAB01,4
LOG_000947,A057,6,open_campus,reply,community,
LOG_000948,A058,6,open_campus,chat,community,
LOG_000949,A059,6,open_campus,visit_lab,LAB10,
LOG_000950,A059,6,open_campus,get_stamp,LAB10,2
LOG_000951,A060,6,open_campus,reply,community,
LOG_000952,A061,6,open_campus,chat,community,
LOG_000953,A062,6,open_campus,reply,community,
LOG_000954,A063,6,open_campus,chat,community,
LOG_000955,A064,6,open_campus,chat,community,
LOG_000956,A065,6,open_campus,visit_lab,LAB03,
LOG_000957,A066,6,open_campus,visit_lab,LAB09,
LOG_000958,A066,6,open_campus,get_stamp,LAB09,4
LOG_000959,A067,6,open_campus,reply,community,
LOG_000960,A068,6,open_campus,no_action,,
LOG_000961,A069,6,open_campus,reply,community,
LOG_000962,A070,6,open_campus,visit_lab,LAB10,
LOG_000963,A070,6,open_campus,get_stamp,LAB10,2
LOG_000964,A071,6,open_campus,chat,community,
LOG_000965,A072,6,open_campus,reply,community,
LOG_000966,A073,6,open_campus,visit_lab,LAB05,
LOG_000967,A073,6,open_campus,get_stamp,LAB05,2
LOG_000968,A074,6,open_campus,no_action,,
LOG_000969,A075,6,open_campus,chat,community,
LOG_000970,A076,6,open_campus,reply,community,
LOG_000971,A077,6,open_campus,chat,community,
LOG_000972,A078,6,open_campus,chat,community,
LOG_000973,A079,6,open_campus,visit_lab,LAB03,
LOG_000974,A079,6,open_campus,get_stamp,LAB03,2
LOG_000975,A080,6,open_campus,chat,community,
LOG_000976,A081,6,open_campus,chat,community,
LOG_000977,A082,6,open_campus,reply,community,
LOG_000978,A083,6,open_campus,no_action,,
LOG_000979,A084,6,open_campus,chat,community,
LOG_000980,A085,6,open_campus,chat,community,
LOG_000981,A086,6,open_campus,visit_lab,LAB06,
LOG_000982,A086,6,open_campus,get_stamp,LAB06,2
LOG_000983,A087,6,open_campus,reply,community,
LOG_000984,A088,6,open_campus,visit_lab,LAB02,
LOG_000985,A088,6,open_campus,get_stamp,LAB02,4
LOG_000986,A089,6,open_campus,chat,community,
LOG_000987,A090,6,open_campus,reply,community,
LOG_000988,A091,6,open_campus,visit_lab,LAB01,
LOG_000989,A091,6,open_campus,get_stamp,LAB01,2
LOG_000990,A091,6,open_campus,post_visit_comment,LAB01,
LOG_000991,A092,6,open_campus,visit_lab,LAB04,
LOG_000992,A092,6,open_campus,get_stamp,LAB04,3
LOG_000993,A092,6,open_campus,post_visit_comment,LAB04,
LOG_000994,A093,6,open_campus,visit_lab,LAB02,
LOG_000995,A093,6,open_campus,get_stamp,LAB02,3
LOG_000996,A094,6,open_campus,no_action,,
LOG_000997,A095,6,open_campus,no_action,,
LOG_000998,A096,6,open_campus,visit_lab,LAB04,
LOG_000999,A097,6,open_campus,visit_lab,LAB06,
LOG_001000,A097,6,open_campus,get_stamp,LAB06,3
LOG_001001,A098,6,open_campus,no_action,,
LOG_001002,A099,6,open_campus,visit_lab,LAB05,
LOG_001003,A100,6,open_campus,visit_lab,LAB09,
LOG_001004,A100,6,open_campus,get_stamp,LAB09,2
LOG_001005,A001,7,open_campus,reply,community,
LOG_001006,A002,7,open_campus,chat,community,
LOG_001007,A003,7,open_campus,visit_lab,LAB04,
LOG_001008,A003,7,open_campus,get_stamp,LAB04,3
LOG_001009,A003,7,open_campus,post_visit_comment,LAB04,
LOG_001010,A004,7,open_campus,visit_lab,LAB05,
LOG_001011,A004,7,open_campus,get_stamp,LAB05,4
LOG_001012,A004,7,open_campus,post_visit_comment,LAB05,
LOG_001013,A005,7,open_campus,chat,community,
LOG_001014,A006,7,open_campus,no_action,,
LOG_001015,A007,7,open_campus,no_action,,
LOG_001016,A008,7,open_campus,visit_lab,LAB03,
LOG_001017,A008,7,open_campus,get_stamp,LAB03,3
LOG_001018,A008,7,open_campus,post_visit_comment,LAB03,
LOG_001019,A009,7,open_campus,chat,community,
LOG_001020,A010,7,open_campus,chat,community,
LOG_001021,A011,7,open_campus,visit_lab,LAB01,
LOG_001022,A011,7,open_campus,get_stamp,LAB01,4
LOG_001023,A011,7,open_campus,post_visit_comment,LAB01,
LOG_001024,A012,7,open_campus,reply,community,
LOG_001025,A013,7,open_campus,no_action,,
LOG_001026,A014,7,open_campus,chat,community,
LOG_001027,A015,7,open_campus,reply,community,
LOG_001028,A016,7,open_campus,no_action,,
LOG_001029,A017,7,open_campus,no_action,,
LOG_001030,A018,7,open_campus,reply,community,
LOG_001031,A019,7,open_campus,reply,community,
LOG_001032,A020,7,open_campus,reply,community,
LOG_001033,A021,7,open_campus,visit_lab,LAB04,
LOG_001034,A021,7,open_campus,get_stamp,LAB04,3
LOG_001035,A022,7,open_campus,visit_lab,LAB04,
LOG_001036,A022,7,open_campus,get_stamp,LAB04,4
LOG_001037,A023,7,open_campus,reply,community,
LOG_001038,A024,7,open_campus,no_action,,
LOG_001039,A025,7,open_campus,chat,community,
LOG_001040,A026,7,open_campus,chat,community,
LOG_001041,A027,7,open_campus,chat,community,
LOG_001042,A028,7,open_campus,visit_lab,LAB06,
LOG_001043,A028,7,open_campus,get_stamp,LAB06,3
LOG_001044,A029,7,open_campus,chat,community,
LOG_001045,A030,7,open_campus,visit_lab,LAB06,
LOG_001046,A030,7,open_campus,get_stamp,LAB06,3
LOG_001047,A031,7,open_campus,chat,community,
LOG_001048,A032,7,open_campus,chat,community,
LOG_001049,A033,7,open_campus,chat,community,
LOG_001050,A034,7,open_campus,reply,community,
LOG_001051,A035,7,open_campus,chat,community,
LOG_001052,A036,7,open_campus,reply,community,
LOG_001053,A037,7,open_campus,chat,community,
LOG_001054,A038,7,open_campus,visit_lab,LAB08,
LOG_001055,A038,7,open_campus,get_stamp,LAB08,3
LOG_001056,A039,7,open_campus,chat,community,
LOG_001057,A040,7,open_campus,chat,community,
LOG_001058,A041,7,open_campus,chat,community,
LOG_001059,A042,7,open_campus,no_action,,
LOG_001060,A043,7,open_campus,visit_lab,LAB07,
LOG_001061,A043,7,open_campus,get_stamp,LAB07,4
LOG_001062,A044,7,open_campus,reply,community,
LOG_001063,A045,7,open_campus,visit_lab,LAB10,
LOG_001064,A045,7,open_campus,get_stamp,LAB10,4
LOG_001065,A045,7,open_campus,post_visit_comment,LAB10,
LOG_001066,A046,7,open_campus,visit_lab,LAB04,
LOG_001067,A046,7,open_campus,get_stamp,LAB04,3
LOG_001068,A047,7,open_campus,chat,community,
LOG_001069,A048,7,open_campus,chat,community,
LOG_001070,A049,7,open_campus,reply,community,
LOG_001071,A050,7,open_campus,visit_lab,LAB09,
LOG_001072,A050,7,open_campus,get_stamp,LAB09,2
LOG_001073,A050,7,open_campus,post_visit_comment,LAB09,
LOG_001074,A051,7,open_campus,chat,community,
LOG_001075,A052,7,open_campus,visit_lab,LAB08,
LOG_001076,A052,7,open_campus,get_stamp,LAB08,3
LOG_001077,A053,7,open_campus,visit_lab,LAB08,
LOG_001078,A053,7,open_campus,get_stamp,LAB08,3
LOG_001079,A053,7,open_campus,post_visit_comment,LAB08,
LOG_001080,A054,7,open_campus,reply,community,
LOG_001081,A055,7,open_campus,reply,community,
LOG_001082,A056,7,open_campus,no_action,,
LOG_001083,A057,7,open_campus,chat,community,
LOG_001084,A058,7,open_campus,reply,community,
LOG_001085,A059,7,open_campus,no_action,,
LOG_001086,A060,7,open_campus,visit_lab,LAB05,
LOG_001087,A060,7,open_campus,get_stamp,LAB05,2
LOG_001088,A061,7,open_campus,chat,community,
LOG_001089,A062,7,open_campus,chat,community,
LOG_001090,A063,7,open_campus,chat,community,
LOG_001091,A064,7,open_campus,chat,community,
LOG_001092,A065,7,open_campus,chat,community,
LOG_001093,A066,7,open_campus,reply,community,
LOG_001094,A067,7,open_campus,chat,community,
LOG_001095,A068,7,open_campus,chat,community,
LOG_001096,A069,7,open_campus,no_action,,
LOG_001097,A070,7,open_campus,visit_lab,LAB02,
LOG_001098,A070,7,open_campus,get_stamp,LAB02,3
LOG_001099,A071,7,open_campus,reply,community,
LOG_001100,A072,7,open_campus,visit_lab,LAB09,
LOG_001101,A072,7,open_campus,get_stamp,LAB09,4
LOG_001102,A072,7,open_campus,post_visit_comment,LAB09,
LOG_001103,A073,7,open_campus,visit_lab,LAB05,
LOG_001104,A074,7,open_campus,visit_lab,LAB04,
LOG_001105,A074,7,open_campus,get_stamp,LAB04,3
LOG_001106,A074,7,open_campus,post_visit_comment,LAB04,
LOG_001107,A075,7,open_campus,no_action,,
LOG_001108,A076,7,open_campus,chat,community,
LOG_001109,A077,7,open_campus,no_action,,
LOG_001110,A078,7,open_campus,visit_lab,LAB08,
LOG_001111,A078,7,open_campus,get_stamp,LAB08,3
LOG_001112,A078,7,open_campus,post_visit_comment,LAB08,
LOG_001113,A079,7,open_campus,reply,community,
LOG_001114,A080,7,open_campus,chat,community,
LOG_001115,A081,7,open_campus,reply,community,
LOG_001116,A082,7,open_campus,visit_lab,LAB10,
LOG_001117,A082,7,open_campus,get_stamp,LAB10,2
LOG_001118,A082,7,open_campus,post_visit_comment,LAB10,
LOG_001119,A083,7,open_campus,visit_lab,LAB02,
LOG_001120,A084,7,open_campus,chat,community,
LOG_001121,A085,7,open_campus,reply,community,
LOG_001122,A086,7,open_campus,visit_lab,LAB05,
LOG_001123,A086,7,open_campus,get_stamp,LAB05,3
LOG_001124,A086,7,open_campus,post_visit_comment,LAB05,
LOG_001125,A087,7,open_campus,chat,community,
LOG_001126,A088,7,open_campus,chat,community,
LOG_001127,A089,7,open_campus,visit_lab,LAB06,
LOG_001128,A089,7,open_campus,get_stamp,LAB06,3
LOG_001129,A089,7,open_campus,post_visit_comment,LAB06,
LOG_001130,A090,7,open_campus,chat,community,
LOG_001131,A091,7,open_campus,visit_lab,LAB07,
LOG_001132,A091,7,open_campus,get_stamp,LAB07,3
LOG_001133,A091,7,open_campus,post_visit_comment,LAB07,
LOG_001134,A092,7,open_campus,chat,community,
LOG_001135,A093,7,open_campus,reply,community,
LOG_001136,A094,7,open_campus,visit_lab,LAB02,
LOG_001137,A094,7,open_campus,get_stamp,LAB02,4
LOG_001138,A095,7,open_campus,visit_lab,LAB05,
LOG_001139,A095,7,open_campus,get_stamp,LAB05,4
LOG_001140,A096,7,open_campus,visit_lab,LAB09,
LOG_001141,A096,7,open_campus,get_stamp,LAB09,3
LOG_001142,A097,7,open_campus,chat,community,
LOG_001143,A098,7,open_campus,chat,community,
LOG_001144,A099,7,open_campus,chat,community,
LOG_001145,A100,7,open_campus,chat,community,
LOG_001146,A001,8,open_campus,visit_lab,LAB10,
LOG_001147,A001,8,open_campus,get_stamp,LAB10,3
LOG_001148,A002,8,open_campus,reply,community,
LOG_001149,A003,8,open_campus,reply,community,
LOG_001150,A004,8,open_campus,visit_lab,LAB06,
LOG_001151,A004,8,open_campus,get_stamp,LAB06,5
LOG_001152,A004,8,open_campus,post_visit_comment,LAB06,
LOG_001153,A005,8,open_campus,visit_lab,LAB02,
LOG_001154,A005,8,open_campus,get_stamp,LAB02,2
LOG_001155,A005,8,open_campus,post_visit_comment,LAB02,
LOG_001156,A006,8,open_campus,visit_lab,LAB07,
LOG_001157,A007,8,open_campus,no_action,,
LOG_001158,A008,8,open_campus,no_action,,
LOG_001159,A009,8,open_campus,visit_lab,LAB04,
LOG_001160,A010,8,open_campus,visit_lab,LAB06,
LOG_001161,A010,8,open_campus,get_stamp,LAB06,2
LOG_001162,A010,8,open_campus,post_visit_comment,LAB06,
LOG_001163,A011,8,open_campus,chat,community,
LOG_001164,A012,8,open_campus,reply,community,
LOG_001165,A013,8,open_campus,chat,community,
LOG_001166,A014,8,open_campus,no_action,,
LOG_001167,A015,8,open_campus,visit_lab,LAB05,
LOG_001168,A015,8,open_campus,get_stamp,LAB05,2
LOG_001169,A016,8,open_campus,visit_lab,LAB04,
LOG_001170,A017,8,open_campus,visit_lab,LAB02,
LOG_001171,A017,8,open_campus,get_stamp,LAB02,3
LOG_001172,A017,8,open_campus,post_visit_comment,LAB02,
LOG_001173,A018,8,open_campus,reply,community,
LOG_001174,A019,8,open_campus,chat,community,
LOG_001175,A020,8,open_campus,no_action,,
LOG_001176,A021,8,open_campus,chat,community,
LOG_001177,A022,8,open_campus,chat,community,
LOG_001178,A023,8,open_campus,reply,community,
LOG_001179,A024,8,open_campus,chat,community,
LOG_001180,A025,8,open_campus,visit_lab,LAB01,
LOG_001181,A025,8,open_campus,get_stamp,LAB01,4
LOG_001182,A026,8,open_campus,no_action,,
LOG_001183,A027,8,open_campus,no_action,,
LOG_001184,A028,8,open_campus,no_action,,
LOG_001185,A029,8,open_campus,visit_lab,LAB04,
LOG_001186,A029,8,open_campus,get_stamp,LAB04,3
LOG_001187,A030,8,open_campus,reply,community,
LOG_001188,A031,8,open_campus,chat,community,
LOG_001189,A032,8,open_campus,visit_lab,LAB01,
LOG_001190,A033,8,open_campus,reply,community,
LOG_001191,A034,8,open_campus,reply,community,
LOG_001192,A035,8,open_campus,no_action,,
LOG_001193,A036,8,open_campus,reply,community,
LOG_001194,A037,8,open_campus,visit_lab,LAB08,
LOG_001195,A037,8,open_campus,get_stamp,LAB08,2
LOG_001196,A037,8,open_campus,post_visit_comment,LAB08,
LOG_001197,A038,8,open_campus,reply,community,
LOG_001198,A039,8,open_campus,visit_lab,LAB08,
LOG_001199,A039,8,open_campus,get_stamp,LAB08,2
LOG_001200,A040,8,open_campus,no_action,,
LOG_001201,A041,8,open_campus,reply,community,
LOG_001202,A042,8,open_campus,visit_lab,LAB05,
LOG_001203,A043,8,open_campus,reply,community,
LOG_001204,A044,8,open_campus,chat,community,
LOG_001205,A045,8,open_campus,reply,community,
LOG_001206,A046,8,open_campus,chat,community,
LOG_001207,A047,8,open_campus,visit_lab,LAB09,
LOG_001208,A047,8,open_campus,get_stamp,LAB09,3
LOG_001209,A048,8,open_campus,chat,community,
LOG_001210,A049,8,open_campus,chat,community,
LOG_001211,A050,8,open_campus,chat,community,
LOG_001212,A051,8,open_campus,visit_lab,LAB03,
LOG_001213,A051,8,open_campus,get_stamp,LAB03,3
LOG_001214,A051,8,open_campus,post_visit_comment,LAB03,
LOG_001215,A052,8,open_campus,visit_lab,LAB01,
LOG_001216,A052,8,open_campus,get_stamp,LAB01,4
LOG_001217,A053,8,open_campus,visit_lab,LAB06,
LOG_001218,A053,8,open_campus,get_stamp,LAB06,4
LOG_001219,A054,8,open_campus,reply,community,
LOG_001220,A055,8,open_campus,no_action,,
LOG_001221,A056,8,open_campus,no_action,,
LOG_001222,A057,8,open_campus,reply,community,
LOG_001223,A058,8,open_campus,reply,community,
LOG_001224,A059,8,open_campus,chat,community,
LOG_001225,A060,8,open_campus,visit_lab,LAB10,
LOG_001226,A060,8,open_campus,get_stamp,LAB10,3
LOG_001227,A061,8,open_campus,reply,community,
LOG_001228,A062,8,open_campus,reply,community,
LOG_001229,A063,8,open_campus,reply,community,
LOG_001230,A064,8,open_campus,visit_lab,LAB10,
LOG_001231,A064,8,open_campus,get_stamp,LAB10,2
LOG_001232,A064,8,open_campus,post_visit_comment,LAB10,
LOG_001233,A065,8,open_campus,reply,community,
LOG_001234,A066,8,open_campus,reply,community,
LOG_001235,A067,8,open_campus,reply,community,
LOG_001236,A068,8,open_campus,reply,community,
LOG_001237,A069,8,open_campus,chat,community,
LOG_001238,A070,8,open_campus,chat,community,
LOG_001239,A071,8,open_campus,no_action,,
LOG_001240,A072,8,open_campus,no_action,,
LOG_001241,A073,8,open_campus,no_action,,
LOG_001242,A074,8,open_campus,chat,community,
LOG_001243,A075,8,open_campus,reply,community,
LOG_001244,A076,8,open_campus,visit_lab,LAB05,
LOG_001245,A076,8,open_campus,get_stamp,LAB05,3
LOG_001246,A076,8,open_campus,post_visit_comment,LAB05,
LOG_001247,A077,8,open_campus,reply,community,
LOG_001248,A078,8,open_campus,visit_lab,LAB10,
LOG_001249,A079,8,open_campus,visit_lab,LAB01,
LOG_001250,A079,8,open_campus,get_stamp,LAB01,3
LOG_001251,A080,8,open_campus,reply,community,
LOG_001252,A081,8,open_campus,reply,community,
LOG_001253,A082,8,open_campus,chat,community,
LOG_001254,A083,8,open_campus,chat,community,
LOG_001255,A084,8,open_campus,no_action,,
LOG_001256,A085,8,open_campus,visit_lab,LAB05,
LOG_001257,A085,8,open_campus,get_stamp,LAB05,2
LOG_001258,A085,8,open_campus,post_visit_comment,LAB05,
LOG_001259,A086,8,open_campus,no_action,,
LOG_001260,A087,8,open_campus,no_action,,
LOG_001261,A088,8,open_campus,visit_lab,LAB09,
LOG_001262,A088,8,open_campus,get_stamp,LAB09,5
LOG_001263,A088,8,open_campus,post_visit_comment,LAB09,
LOG_001264,A089,8,open_campus,chat,community,
LOG_001265,A090,8,open_campus,chat,community,
LOG_001266,A091,8,open_campus,no_action,,
LOG_001267,A092,8,open_campus,visit_lab,LAB08,
LOG_001268,A092,8,open_campus,get_stamp,LAB08,4
LOG_001269,A092,8,open_campus,post_visit_comment,LAB08,
LOG_001270,A093,8,open_campus,visit_lab,LAB08,
LOG_001271,A094,8,open_campus,no_action,,
LOG_001272,A095,8,open_campus,visit_lab,LAB10,
LOG_001273,A095,8,open_campus,get_stamp,LAB10,5
LOG_001274,A096,8,open_campus,visit_lab,LAB10,
LOG_001275,A096,8,open_campus,get_stamp,LAB10,4
LOG_001276,A096,8,open_campus,post_visit_comment,LAB10,
LOG_001277,A097,8,open_campus,chat,community,
LOG_001278,A098,8,open_campus,visit_lab,LAB06,
LOG_001279,A099,8,open_campus,visit_lab,LAB09,
LOG_001280,A100,8,open_campus,no_action,,
LOG_001281,A001,9,open_campus,no_action,,
LOG_001282,A002,9,open_campus,no_action,,
LOG_001283,A003,9,open_campus,chat,community,
LOG_001284,A004,9,open_campus,reply,community,
LOG_001285,A005,9,open_campus,visit_lab,LAB04,
LOG_001286,A005,9,open_campus,get_stamp,LAB04,3
LOG_001287,A005,9,open_campus,post_visit_comment,LAB04,
LOG_001288,A006,9,open_campus,chat,community,
LOG_001289,A007,9,open_campus,visit_lab,LAB07,
LOG_001290,A007,9,open_campus,get_stamp,LAB07,3
LOG_001291,A008,9,open_campus,visit_lab,LAB05,
LOG_001292,A008,9,open_campus,get_stamp,LAB05,4
LOG_001293,A008,9,open_campus,post_visit_comment,LAB05,
LOG_001294,A009,9,open_campus,visit_lab,LAB07,
LOG_001295,A010,9,open_campus,visit_lab,LAB07,
LOG_001296,A010,9,open_campus,get_stamp,LAB07,3
LOG_001297,A011,9,open_campus,reply,community,
LOG_001298,A012,9,open_campus,chat,community,
LOG_001299,A013,9,open_campus,visit_lab,LAB01,
LOG_001300,A013,9,open_campus,get_stamp,LAB01,2
LOG_001301,A013,9,open_campus,post_visit_comment,LAB01,
LOG_001302,A014,9,open_campus,chat,community,
LOG_001303,A015,9,open_campus,visit_lab,LAB05,
LOG_001304,A016,9,open_campus,reply,community,
LOG_001305,A017,9,open_campus,visit_lab,LAB08,
LOG_001306,A018,9,open_campus,reply,community,
LOG_001307,A019,9,open_campus,visit_lab,LAB10,
LOG_001308,A019,9,open_campus,get_stamp,LAB10,3
LOG_001309,A019,9,open_campus,post_visit_comment,LAB10,
LOG_001310,A020,9,open_campus,no_action,,
LOG_001311,A021,9,open_campus,visit_lab,LAB07,
LOG_001312,A022,9,open_campus,chat,community,
LOG_001313,A023,9,open_campus,reply,community,
LOG_001314,A024,9,open_campus,reply,community,
LOG_001315,A025,9,open_campus,visit_lab,LAB05,
LOG_001316,A025,9,open_campus,get_stamp,LAB05,5
LOG_001317,A026,9,open_campus,reply,community,
LOG_001318,A027,9,open_campus,visit_lab,LAB02,
LOG_001319,A027,9,open_campus,get_stamp,LAB02,5
LOG_001320,A027,9,open_campus,post_visit_comment,LAB02,
LOG_001321,A028,9,open_campus,no_action,,
LOG_001322,A029,9,open_campus,chat,community,
LOG_001323,A030,9,open_campus,reply,community,
LOG_001324,A031,9,open_campus,no_action,,
LOG_001325,A032,9,open_campus,visit_lab,LAB03,
LOG_001326,A032,9,open_campus,get_stamp,LAB03,2
LOG_001327,A032,9,open_campus,post_visit_comment,LAB03,
LOG_001328,A033,9,open_campus,chat,community,
LOG_001329,A034,9,open_campus,chat,community,
LOG_001330,A035,9,open_campus,chat,community,
LOG_001331,A036,9,open_campus,reply,community,
LOG_001332,A037,9,open_campus,reply,community,
LOG_001333,A038,9,open_campus,reply,community,
LOG_001334,A039,9,open_campus,chat,community,
LOG_001335,A040,9,open_campus,no_action,,
LOG_001336,A041,9,open_campus,chat,community,
LOG_001337,A042,9,open_campus,no_action,,
LOG_001338,A043,9,open_campus,reply,community,
LOG_001339,A044,9,open_campus,no_action,,
LOG_001340,A045,9,open_campus,visit_lab,LAB10,
LOG_001341,A046,9,open_campus,reply,community,
LOG_001342,A047,9,open_campus,chat,community,
LOG_001343,A048,9,open_campus,visit_lab,LAB05,
LOG_001344,A048,9,open_campus,get_stamp,LAB05,3
LOG_001345,A048,9,open_campus,post_visit_comment,LAB05,
LOG_001346,A049,9,open_campus,no_action,,
LOG_001347,A050,9,open_campus,reply,community,
LOG_001348,A051,9,open_campus,reply,community,
LOG_001349,A052,9,open_campus,reply,community,
LOG_001350,A053,9,open_campus,visit_lab,LAB10,
LOG_001351,A054,9,open_campus,chat,community,
LOG_001352,A055,9,open_campus,no_action,,
LOG_001353,A056,9,open_campus,chat,community,
LOG_001354,A057,9,open_campus,chat,community,
LOG_001355,A058,9,open_campus,reply,community,
LOG_001356,A059,9,open_campus,reply,community,
LOG_001357,A060,9,open_campus,visit_lab,LAB02,
LOG_001358,A060,9,open_campus,get_stamp,LAB02,4
LOG_001359,A061,9,open_campus,visit_lab,LAB02,
LOG_001360,A061,9,open_campus,get_stamp,LAB02,3
LOG_001361,A062,9,open_campus,chat,community,
LOG_001362,A063,9,open_campus,chat,community,
LOG_001363,A064,9,open_campus,chat,community,
LOG_001364,A065,9,open_campus,chat,community,
LOG_001365,A066,9,open_campus,chat,community,
LOG_001366,A067,9,open_campus,visit_lab,LAB06,
LOG_001367,A067,9,open_campus,get_stamp,LAB06,3
LOG_001368,A068,9,open_campus,no_action,,
LOG_001369,A069,9,open_campus,visit_lab,LAB06,
LOG_001370,A070,9,open_campus,visit_lab,LAB08,
LOG_001371,A070,9,open_campus,get_stamp,LAB08,4
LOG_001372,A071,9,open_campus,chat,community,
LOG_001373,A072,9,open_campus,chat,community,
LOG_001374,A073,9,open_campus,reply,community,
LOG_001375,A074,9,open_campus,chat,community,
LOG_001376,A075,9,open_campus,visit_lab,LAB07,
LOG_001377,A075,9,open_campus,get_stamp,LAB07,2
LOG_001378,A076,9,open_campus,reply,community,
LOG_001379,A077,9,open_campus,visit_lab,LAB02,
LOG_001380,A077,9,open_campus,get_stamp,LAB02,3
LOG_001381,A077,9,open_campus,post_visit_comment,LAB02,
LOG_001382,A078,9,open_campus,no_action,,
LOG_001383,A079,9,open_campus,chat,community,
LOG_001384,A080,9,open_campus,visit_lab,LAB08,
LOG_001385,A081,9,open_campus,reply,community,
LOG_001386,A082,9,open_campus,visit_lab,LAB07,
LOG_001387,A082,9,open_campus,get_stamp,LAB07,3
LOG_001388,A083,9,open_campus,visit_lab,LAB10,
LOG_001389,A083,9,open_campus,get_stamp,LAB10,2
LOG_001390,A084,9,open_campus,reply,community,
LOG_001391,A085,9,open_campus,reply,community,
LOG_001392,A086,9,open_campus,visit_lab,LAB02,
LOG_001393,A086,9,open_campus,get_stamp,LAB02,4
LOG_001394,A087,9,open_campus,no_action,,
LOG_001395,A088,9,open_campus,reply,community,
LOG_001396,A089,9,open_campus,reply,community,
LOG_001397,A090,9,open_campus,visit_lab,LAB08,
LOG_001398,A090,9,open_campus,get_stamp,LAB08,3
LOG_001399,A090,9,open_campus,post_visit_comment,LAB08,
LOG_001400,A091,9,open_campus,visit_lab,LAB08,
LOG_001401,A091,9,open_campus,get_stamp,LAB08,4
LOG_001402,A092,9,open_campus,visit_lab,LAB06,
LOG_001403,A093,9,open_campus,no_action,,
LOG_001404,A094,9,open_campus,no_action,,
LOG_001405,A095,9,open_campus,chat,community,
LOG_001406,A096,9,open_campus,visit_lab,LAB02,
LOG_001407,A096,9,open_campus,get_stamp,LAB02,5
LOG_001408,A096,9,open_campus,post_visit_comment,LAB02,
LOG_001409,A097,9,open_campus,chat,community,
LOG_001410,A098,9,open_campus,chat,community,
LOG_001411,A099,9,open_campus,visit_lab,LAB06,
LOG_001412,A099,9,open_campus,get_stamp,LAB06,4
LOG_001413,A099,9,open_campus,post_visit_comment,LAB06,
LOG_001414,A100,9,open_campus,reply,community,
LOG_001415,A001,10,open_campus,visit_lab,LAB07,
LOG_001416,A001,10,open_campus,get_stamp,LAB07,4
LOG_001417,A002,10,open_campus,visit_lab,LAB10,
LOG_001418,A002,10,open_campus,get_stamp,LAB10,2
LOG_001419,A003,10,open_campus,chat,community,
LOG_001420,A004,10,open_campus,reply,community,
LOG_001421,A005,10,open_campus,reply,community,
LOG_001422,A006,10,open_campus,no_action,,
LOG_001423,A007,10,open_campus,visit_lab,LAB05,
LOG_001424,A008,10,open_campus,chat,community,
LOG_001425,A009,10,open_campus,visit_lab,LAB01,
LOG_001426,A009,10,open_campus,get_stamp,LAB01,3
LOG_001427,A009,10,open_campus,post_visit_comment,LAB01,
LOG_001428,A010,10,open_campus,chat,community,
LOG_001429,A011,10,open_campus,reply,community,
LOG_001430,A012,10,open_campus,visit_lab,LAB09,
LOG_001431,A012,10,open_campus,get_stamp,LAB09,3
LOG_001432,A013,10,open_campus,reply,community,
LOG_001433,A014,10,open_campus,visit_lab,LAB05,
LOG_001434,A014,10,open_campus,get_stamp,LAB05,2
LOG_001435,A014,10,open_campus,post_visit_comment,LAB05,
LOG_001436,A015,10,open_campus,reply,community,
LOG_001437,A016,10,open_campus,no_action,,
LOG_001438,A017,10,open_campus,chat,community,
LOG_001439,A018,10,open_campus,visit_lab,LAB02,
LOG_001440,A018,10,open_campus,get_stamp,LAB02,5
LOG_001441,A018,10,open_campus,post_visit_comment,LAB02,
LOG_001442,A019,10,open_campus,no_action,,
LOG_001443,A020,10,open_campus,chat,community,
LOG_001444,A021,10,open_campus,no_action,,
LOG_001445,A022,10,open_campus,chat,community,
LOG_001446,A023,10,open_campus,chat,community,
LOG_001447,A024,10,open_campus,reply,community,
LOG_001448,A025,10,open_campus,visit_lab,LAB10,
LOG_001449,A026,10,open_campus,reply,community,
LOG_001450,A027,10,open_campus,visit_lab,LAB01,
LOG_001451,A027,10,open_campus,get_stamp,LAB01,6
LOG_001452,A027,10,open_campus,post_visit_comment,LAB01,
LOG_001453,A028,10,open_campus,visit_lab,LAB05,
LOG_001454,A028,10,open_campus,get_stamp,LAB05,4
LOG_001455,A029,10,open_campus,reply,community,
LOG_001456,A030,10,open_campus,reply,community,
LOG_001457,A031,10,open_campus,visit_lab,LAB07,
LOG_001458,A031,10,open_campus,get_stamp,LAB07,2
LOG_001459,A032,10,open_campus,chat,community,
LOG_001460,A033,10,open_campus,visit_lab,LAB07,
LOG_001461,A033,10,open_campus,get_stamp,LAB07,5
LOG_001462,A033,10,open_campus,post_visit_comment,LAB07,
LOG_001463,A034,10,open_campus,no_action,,
LOG_001464,A035,10,open_campus,visit_lab,LAB10,
LOG_001465,A035,10,open_campus,get_stamp,LAB10,3
LOG_001466,A036,10,open_campus,visit_lab,LAB10,
LOG_001467,A037,10,open_campus,reply,community,
LOG_001468,A038,10,open_campus,chat,community,
LOG_001469,A039,10,open_campus,chat,community,
LOG_001470,A040,10,open_campus,no_action,,
LOG_001471,A041,10,open_campus,reply,community,
LOG_001472,A042,10,open_campus,visit_lab,LAB01,
LOG_001473,A042,10,open_campus,get_stamp,LAB01,4
LOG_001474,A043,10,open_campus,reply,community,
LOG_001475,A044,10,open_campus,visit_lab,LAB07,
LOG_001476,A044,10,open_campus,get_stamp,LAB07,2
LOG_001477,A044,10,open_campus,post_visit_comment,LAB07,
LOG_001478,A045,10,open_campus,reply,community,
LOG_001479,A046,10,open_campus,visit_lab,LAB03,
LOG_001480,A047,10,open_campus,no_action,,
LOG_001481,A048,10,open_campus,reply,community,
LOG_001482,A049,10,open_campus,chat,community,
LOG_001483,A050,10,open_campus,chat,community,
LOG_001484,A051,10,open_campus,visit_lab,LAB04,
LOG_001485,A051,10,open_campus,get_stamp,LAB04,4
LOG_001486,A051,10,open_campus,post_visit_comment,LAB04,
LOG_001487,A052,10,open_campus,visit_lab,LAB08,
LOG_001488,A053,10,open_campus,chat,community,
LOG_001489,A054,10,open_campus,visit_lab,LAB05,
LOG_001490,A054,10,open_campus,get_stamp,LAB05,3
LOG_001491,A055,10,open_campus,chat,community,
LOG_001492,A056,10,open_campus,chat,community,
LOG_001493,A057,10,open_campus,reply,community,
LOG_001494,A058,10,open_campus,visit_lab,LAB05,
LOG_001495,A058,10,open_campus,get_stamp,LAB05,2
LOG_001496,A058,10,open_campus,post_visit_comment,LAB05,
LOG_001497,A059,10,open_campus,visit_lab,LAB02,
LOG_001498,A059,10,open_campus,get_stamp,LAB02,3
LOG_001499,A060,10,open_campus,reply,community,
LOG_001500,A061,10,open_campus,reply,community,
LOG_001501,A062,10,open_campus,visit_lab,LAB08,
LOG_001502,A062,10,open_campus,get_stamp,LAB08,3
LOG_001503,A062,10,open_campus,post_visit_comment,LAB08,
LOG_001504,A063,10,open_campus,visit_lab,LAB03,
LOG_001505,A063,10,open_campus,get_stamp,LAB03,2
LOG_001506,A063,10,open_campus,post_visit_comment,LAB03,
LOG_001507,A064,10,open_campus,chat,community,
LOG_001508,A065,10,open_campus,reply,community,
LOG_001509,A066,10,open_campus,visit_lab,LAB10,
LOG_001510,A066,10,open_campus,get_stamp,LAB10,5
LOG_001511,A066,10,open_campus,post_visit_comment,LAB10,
LOG_001512,A067,10,open_campus,no_action,,
LOG_001513,A068,10,open_campus,chat,community,
LOG_001514,A069,10,open_campus,reply,community,
LOG_001515,A070,10,open_campus,visit_lab,LAB05,
LOG_001516,A071,10,open_campus,reply,community,
LOG_001517,A072,10,open_campus,visit_lab,LAB01,
LOG_001518,A072,10,open_campus,get_stamp,LAB01,5
LOG_001519,A073,10,open_campus,reply,community,
LOG_001520,A074,10,open_campus,visit_lab,LAB08,
LOG_001521,A074,10,open_campus,get_stamp,LAB08,4
LOG_001522,A074,10,open_campus,post_visit_comment,LAB08,
LOG_001523,A075,10,open_campus,chat,community,
LOG_001524,A076,10,open_campus,chat,community,
LOG_001525,A077,10,open_campus,chat,community,
LOG_001526,A078,10,open_campus,visit_lab,LAB08,
LOG_001527,A079,10,open_campus,visit_lab,LAB01,
LOG_001528,A080,10,open_campus,reply,community,
LOG_001529,A081,10,open_campus,chat,community,
LOG_001530,A082,10,open_campus,visit_lab,LAB09,
LOG_001531,A082,10,open_campus,get_stamp,LAB09,4
LOG_001532,A083,10,open_campus,no_action,,
LOG_001533,A084,10,open_campus,visit_lab,LAB05,
LOG_001534,A084,10,open_campus,get_stamp,LAB05,3
LOG_001535,A084,10,open_campus,post_visit_comment,LAB05,
LOG_001536,A085,10,open_campus,chat,community,
LOG_001537,A086,10,open_campus,reply,community,
LOG_001538,A087,10,open_campus,chat,community,
LOG_001539,A088,10,open_campus,visit_lab,LAB08,
LOG_001540,A088,10,open_campus,get_stamp,LAB08,6
LOG_001541,A088,10,open_campus,post_visit_comment,LAB08,
LOG_001542,A089,10,open_campus,visit_lab,LAB02,
LOG_001543,A089,10,open_campus,get_stamp,LAB02,4
LOG_001544,A089,10,open_campus,post_visit_comment,LAB02,
LOG_001545,A090,10,open_campus,reply,community,
LOG_001546,A091,10,open_campus,visit_lab,LAB07,
LOG_001547,A092,10,open_campus,visit_lab,LAB03,
LOG_001548,A092,10,open_campus,get_stamp,LAB03,5
LOG_001549,A093,10,open_campus,chat,community,
LOG_001550,A094,10,open_campus,visit_lab,LAB04,
LOG_001551,A094,10,open_campus,get_stamp,LAB04,5
LOG_001552,A094,10,open_campus,post_visit_comment,LAB04,
LOG_001553,A095,10,open_campus,visit_lab,LAB10,
LOG_001554,A096,10,open_campus,no_action,,
LOG_001555,A097,10,open_campus,chat,community,
LOG_001556,A098,10,open_campus,reply,community,
LOG_001557,A099,10,open_campus,chat,community,
LOG_001558,A100,10,open_campus,reply,community,
